publish_date,headline_text
2017-12-13,air asia darwin to bali route suspended
2017-12-13,ai weiwei tribute to refugees at biennale of sydney
2017-12-13,alabama senate race was about roy moore not party loyalties
2017-12-13,ancient human sized penguin inhabited new zealand
2017-12-13,artist draws mural to remind children cyber safety
2017-12-13,ashes same xi for england but tweak for waca
2017-12-13,aud to fall to 68 us cents westpac forecast
2017-12-13,australia leaning towards mitchell marsh for waca ashes test
2017-12-13,australias growing skills gap cities vs regions the conversation
2017-12-13,australias most and least popular birthdays revealed
2017-12-13,austria rocked by gas plant explosion
2017-12-13,best test moments at the waca
2017-12-13,bitcoin falls slightly
2017-12-13,blue mountains council on notice from nsw government
2017-12-13,borce ristevski faces court charged with murdering wife karen
2017-12-13,braybrook death murder charge
2017-12-13,broome hospital nurse stood down for online racist rant
2017-12-13,bushfire danger rating system
2017-12-13,bushfire danger rating system trialled summer
2017-12-13,bushfire threatening victorian town of balmoral under control
2017-12-13,cairns petrol tank explosion blew the blinds off
2017-12-13,campbell remess bear boy off to usa for cnn award
2017-12-13,cba breached money laundering; counter terrorism laws
2017-12-13,central australian men rules remote aboriginal alice springs
2017-12-13,child abuse royal commission church forces cant dilute response
2017-12-13,child care body urges caution for parents considering online
2017-12-13,child sexual abuse royal commission parents highlight abuse
2017-12-13,chris froome asthma medication drugs test result vuelta
2017-12-13,citizenship high court lambie parry replacements delay
2017-12-13,clive palmers coolum resort lists villas on airbnb
2017-12-13,consumer confidence key points
2017-12-13,coronial inquest island quarry byron bay
2017-12-13,curious nc lismore built on a floodplain
2017-12-13,deb frecklington hopes to see more women enter
2017-12-13,deb frecklington lnp leader nationals era baggage lnp qld
2017-12-13,democrat doug jones overwhelmed by victory in
2017-12-13,donald trump news media coverage
2017-12-13,egyptian singer shyma jailed over video inciting debauchery
2017-12-13,elizabeth dixon murder family hits out at sentence
2017-12-13,emergency warning bushfire balmoral
2017-12-13,energy regulator trigger to shut industry prevent blackouts
2017-12-13,facebook hits back at chamath palihapitiya criticism
2017-12-13,fact check kristina keneally education spending
2017-12-13,fatal stabbing neighbour tungkillo home detention bail
2017-12-13,federal government faces key test in weekends
2017-12-13,five shows to add to your summer binge watching list
2017-12-13,fracking nt should get on with job lift moratorium matt canavan
2017-12-13,gas supply boosted but still expensive accc report
2017-12-13,glenelg breakwater to be closed to public following drownings
2017-12-13,historic wedding dresses at canberra museum and gallery
2017-12-13,how to save money on your wedding your tips
2017-12-13,implanon and mirena safe and effective doctors claim
2017-12-13,indigenous australians far less likely to get a
2017-12-13,jeff horn v gary corcoran
2017-12-13,jet ski etiquette under the microscope in adelaide
2017-12-13,jobs at risk over power plant secrecy stoush
2017-12-13,joe root fed up with england ashes turmoil
2017-12-13,lachlan black monash health coronial inquest findings
2017-12-13,lismore floods
2017-12-13,long after dastyari chinas rapid rise will be the big story
2017-12-13,luiz felipe scolari approached over socceroos coaching role
2017-12-13,makerspace develops technology assist people with disabilities
2017-12-13,man charged over john burrows death
2017-12-13,man dies another arrested in deer park in melbournes west
2017-12-13,maylands brickworks industrial heritage past redevelopment
2017-12-13,melbourne couple abused family of allegedly slave court hears
2017-12-13,melbournes west gate tunnel cooked up with transurban
2017-12-13,menomore letter calls out sexual harassment in music industry
2017-12-13,migrant refugee children standout performers in spelling naplan
2017-12-13,missing in canada what happened to alison raspa in whistler
2017-12-13,mobile phone recycling waste meal charity food hunger volunteers
2017-12-13,moore loss to jones the second worst outcome for trump
2017-12-13,mother of mengmei leng urges judge to sentence barrett to jail
2017-12-13,new south wales police to roll out rural crime prevention
2017-12-13,new wifi wins wujal wujal vital communication link weather qld
2017-12-13,new york bombing suspect charged with terror offences
2017-12-13,no kid hungry program reaps rewards as nsw inmates give up food
2017-12-13,north korea vows to keep making nuclear weapons
2017-12-13,nsw police arrest people in sydney centennial park
2017-12-13,nt water licences review should be referred to new icac says nlc
2017-12-13,ombudsmans report kinship care discrimination financial
2017-12-13,one dead; 18 hurt in explosion at austrian natural
2017-12-13,one direction fans not happy radio host ash london
2017-12-13,organ transplant system tipped towards non indigenous patients
2017-12-13,peak body urges caution juggle street babysitting website
2017-12-13,petrol tank explodes causing fire in cairns.
2017-12-13,philippines extends martial law in restive mindanao
2017-12-13,plan to ditch pokies may set national trend
2017-12-13,poker machines to be out of pubs clubs under tasmanian labor
2017-12-13,police operation in centennial park
2017-12-13,professional soccer player helps create educational app
2017-12-13,raaf pilot flies home to tasmanian on mission to show off plane
2017-12-13,raaf shows off surveillance plane in tasmania
2017-12-13,rba talks down chances of electronic australian dollar
2017-12-13,repentance creek
2017-12-13,republican roy moore rides in to cast vote in
2017-12-13,romper stomper creator says tv reboot more relevant than ever
2017-12-13,roy moore alabama senate election donald trump
2017-12-13,roy moore loses alabama senate race
2017-12-13,roy moore waiting for recount in tight alabama
2017-12-13,rugby australia announces women27s competition for 2018
2017-12-13,russias role in syria
2017-12-13,safe social media mural
2017-12-13,salvation army christmas poverty parents increase
2017-12-13,salvos defend coca cola campaign slammed by health groups
2017-12-13,sam dastyari under fire for continuing to take taxpayer salary
2017-12-13,same sex marriage first couple to tie the knot next week
2017-12-13,senator gillibrand calls trump twitter post sexist
2017-12-13,shirley finn murder inquest told officer confessed to murder
2017-12-13,slice of eureka stockade flag sold to union
2017-12-13,star wars stars; director on what to expect in the
2017-12-13,star wars: the last jedi is a homecoming for mark hamill
2017-12-13,star wars the last jedi the unanswered questions we have
2017-12-13,tas labor poker machine policy a big gamble analysis by baines
2017-12-13,tasmanians react to labors pledge to ditch pokies
2017-12-13,the ashes peter handscomb expected to be dropped for mitch marsh
2017-12-13,the drum wednesday december 13
2017-12-13,the holiday season is the nations favourite time
2017-12-13,the rate of abortion in australia is lower than you think
2017-12-13,think twice about dumping christmas trees decorations
2017-12-13,top year nsw 12 students honoured
2017-12-13,trump backed republican roy moore beaten in crucial senate race
2017-12-13,trump says allegations of sexual harassment fabricated
2017-12-13,ultrasound used to unravel mysteries of the ghost bat
2017-12-13,vegemite icy poles are coming and youre all divided
2017-12-13,veteran political journalist; don dailey; talks
2017-12-13,victim of mistaken identity home invasion recalls attack
2017-12-13,victims of darwin pepper spraying come forward
2017-12-13,vietnam therapy playground university students gold coast
2017-12-13,vladimir putins secret russian army fighting in syria
2017-12-13,voters head to polls in alabama race with high stakes for trump
2017-12-13,wa government sweeping education cuts deliver 170 job losses
2017-12-13,wall street share market wrap
2017-12-13,wa ndis switch backed by woman who used to hide ugly prosthetics
2017-12-13,we are losing the battle french president tells climate summit
2017-12-13,westpac consumer confidence christmas spending
2017-12-13,what happens when you finish high school
2017-12-13,white house says no way gillibrand tweet was sexist
2017-12-13,why the first ssm wedding will happen in under a month
2017-12-13,why vagina cleaning fads are unnecessary and harmful
2017-12-13,widow of cop speaks out about suicide
2017-12-13,will the electricity grid be able to cope with a
2017-12-13,young indigenous talk about turtle hunting buzz cuts being pm
